<?xml version="1.0" encoding="UTF-8" ?>
<!DOCTYPE mapper
PUBLIC "-//mybatis.org//DTD Mapper 3.0//EN"
"http://mybatis.org/dtd/mybatis-3-mapper.dtd">
<mapper namespace="com.pfizer.demo.mapper.TestTreeMapper">

    <resultMap type="com.pfizer.demo.domain.TestTree" id="TestTreeResult">
        <result property="id" column="id"/>
        <result property="parentId" column="parent_id"/>
        <result property="deptId" column="dept_id"/>
        <result property="userId" column="user_id"/>
        <result property="treeName" column="tree_name"/>
        <result property="version" column="version"/>
        <result property="createTime" column="create_time"/>
        <result property="createBy" column="create_by"/>
        <result property="updateTime" column="update_time"/>
        <result property="updateBy" column="update_by"/>
        <result property="delFlag" column="del_flag"/>
    </resultMap>


</mapper>