<?xml version="1.0" encoding="UTF-8" ?>
<!DOCTYPE mapper
        PUBLIC "-//mybatis.org//DTD Mapper 3.0//EN"
        "http://mybatis.org/dtd/mybatis-3-mapper.dtd">
<mapper namespace="com.pfizer.system.mapper.SysDictDataMapper">

    <resultMap type="SysDictData" id="SysDictDataResult">
        <id property="dictCode" column="dict_code"/>
        <result property="dictSort" column="dict_sort"/>
        <result property="dictLabel" column="dict_label"/>
        <result property="dictValue" column="dict_value"/>
        <result property="dictType" column="dict_type"/>
        <result property="cssClass" column="css_class"/>
        <result property="listClass" column="list_class"/>
        <result property="isDefault" column="is_default"/>
        <result property="status" column="status"/>
        <result property="createBy" column="create_by"/>
        <result property="createTime" column="create_time"/>
        <result property="updateBy" column="update_by"/>
        <result property="updateTime" column="update_time"/>
    </resultMap>

</mapper> 